id,sender,sender_name,subject,body,timestamp,is_vip
1,priya.k@acmecorp.com,Priya Kapoor,Payment failed twice today,"Hi, I tried to renew my subscription twice today and both times the payment failed even though my card is fine and has funds. This is urgent because my team loses access tomorrow morning and we have a client demo. Please help ASAP.",2026-09-18T09:12:00,true
2,rahul.dev@gmail.com,Rahul Dev,App crashes on export,"Every time I click 'Export to PDF' the app just freezes and then crashes. I have to force close it. This happens on the latest version, Windows 11. Really frustrating, I've lost work twice now.",2026-09-18T10:03:00,false
3,sunita.rao@outlook.com,Sunita Rao,Question about invoice,"Could you clarify why my last invoice included an extra line item for 'API overage'? I don't recall being told about this charge and would like an explanation.",2026-09-18T10:45:00,false
4,marcus.f@bigclientco.com,MarcusFerreira,Payment failed twice today,"Our card was charged twice today for the same subscription renewal. Please refund the duplicate charge and confirm when it's done. We need this sorted before end of day.",2026-09-18T11:02:00,true
5,anita.j@smallbiz.com,Anita Joshi,Feature request: dark mode,"Would love to see a dark mode option in the dashboard, my eyes get tired staring at the white background all day. Not urgent, just a nice to have.",2026-09-18T11:20:00,false
6,devon.k@startupxyz.io,Devon King,Cannot log in - account locked,"I've been locked out of my account after 3 failed login attempts, but I'm sure I typed my password correctly. I need access right now to finish a report due in an hour.",2026-09-18T11:45:00,false
7,fatima.z@enterprise.com,Fatima Zahra,Export crash on PDF,"The export to PDF feature keeps crashing my session. Losing work every time. Please fix this soon, it's affecting my whole team's workflow.",2026-09-18T12:10:00,true
8,tom.b@freelance.com,Tom Baxter,Thanks for the quick fix,"Just wanted to say the bug I reported last week got fixed fast, really appreciate the responsiveness. No action needed, just positive feedback.",2026-09-18T12:30:00,false
9,linh.ng@retailco.com,Linh Nguyen,Duplicate charge on my card,"I was charged twice for my monthly renewal. Can you please refund one of the charges? This is the second time this has happened and it's getting annoying.",2026-09-18T13:00:00,false
10,greg.h@midsize.com,Greg Holt,How do I add team members?,"I'm trying to figure out how to invite my coworkers to the workspace but I can't find the option anywhere. Could you point me to the right settings page?",2026-09-18T13:20:00,false
